title,company,location,link
Sr. Python Developer,Valuepro Consulting LLC,"Phoenix, AZ",https://www.indeed.com/viewjob?jk=e20d9445afd3fb03
Software Test Analyst,"Innovative Wireless Technologies, Inc.","Lynchburg, VA",https://www.indeed.com/viewjob?jk=248048b1b807a6d0
Full Stack Developer,"DataPrivia, Inc.","Lynchburg, VA",https://www.indeed.com/viewjob?jk=1c8736147ead4a44
Python Developer,Systemonex INC,"New York, NY",https://www.indeed.com/viewjob?jk=261a6748688d29d6
Early-Career Software Engineer,Lockheed Martin,"Herndon, VA",https://www.indeed.com/viewjob?jk=081b1d008cd05c85
Python Developer,Systech Corp,Remote,https://www.indeed.com/viewjob?jk=4d6e2b42ed19c1ec
Quality Assurance/Test Engineering Manager,"AppGuard, Inc.","Chantilly, VA",https://www.indeed.com/viewjob?jk=e5fca8914a2989c1
Entry Level Python Developer / Jr. Python Developer,KesarWeb,"California City, CA",https://www.indeed.com/viewjob?jk=009e154a57fb37cd
JUNIOR PYTHON DEVELOPER,zb.io,Remote,https://www.indeed.com/viewjob?jk=b8469cd8158033a3
Python & Django,Launch Potato,Florida,https://www.indeed.com/viewjob?jk=eed0b5a7daa1ac2d
Entry Level Python Developer / Jr. Python Developer,Dash Technologies Inc,"Texas City, TX",https://www.indeed.com/viewjob?jk=29fdc2006cf2ac81
Python developer,Ace-stack LLC,Virginia,https://www.indeed.com/viewjob?jk=e7ff3008632225d7
Remote Python Developer,"Insight Enterprises, Inc.",Arizona,https://www.indeed.com/viewjob?jk=1e711c00a915fced
Python Developer,Stratus Video,Remote,https://www.indeed.com/viewjob?jk=e9162fa9c4a6bb7e
PYTHON SOFTWARE ENGINEER-DEEP LEARNING,InspiHER Tech,United States,https://www.indeed.com/viewjob?jk=3dd6c509667887e7
Python & Infrastructure Developer,Phrasee,Remote,https://www.indeed.com/viewjob?jk=c24cd253a1ca330e
Jr.Python developer on W2,Kree,Remote,https://www.indeed.com/viewjob?jk=de9460ab704023da
Associate Detection & Response Engineer,Expel,Virginia,https://www.indeed.com/viewjob?jk=1e8f41111cefa6f7
Python Developer Intern,OXO Solutions,"Ruby, SC",https://www.indeed.com/viewjob?jk=84a541c104b5b24c
Python/Django Developer,Club Loop Technologies,"Tulsa, OK",https://www.indeed.com/viewjob?jk=012c351cab7a99b7
SQL Developer,ZealNine,"Irving, TX",https://www.indeed.com/viewjob?jk=f16518fad469ede1
Sr. Python Developer,PROLIM Corporation,United States,https://www.indeed.com/viewjob?jk=01e816c71aa1b7d8
Python Developer,Cool Minds LLC,"Atlanta, GA",https://www.indeed.com/viewjob?jk=0268e224172a699e
"MACHINE LEARNING ENGINEER - PYTHON, TENSORFLOW",InspiHER Tech,United States,https://www.indeed.com/viewjob?jk=a754b1fae51c41d2
Jr. Python Developer,"DataSys Consulting and Software, Inc","Sunnyvale, CA",https://www.indeed.com/viewjob?jk=9c46a89712355ad2
Back-End Python Developer - GitPrime,Pluralsight,Colorado,https://www.indeed.com/viewjob?jk=a1abf6435924c5a1
Enterprise Document Librarian,Red Hat Software,Remote,https://www.indeed.com/viewjob?jk=68f5834d083183db
"Junior Software Engineer (Remote, USA, Full-Time)",4 Mile Analytics,Remote,https://www.indeed.com/viewjob?jk=d9fd8018aa106b06
Business Intelligence Intern,Evil Geniuses,California,https://www.indeed.com/viewjob?jk=85e0505695b43f23
Python Developer,diamond,California,https://www.indeed.com/viewjob?jk=6283c79ff09d40c5
Front end UI Developer with Python,Ace-stack LLC,Virginia,https://www.indeed.com/viewjob?jk=43ccc8ec3d7cd94d
Python / Scratch / Java teacher for kids (part-time),Amazing Education Center,"Washington, DC",https://www.indeed.com/viewjob?jk=f3808a05a4941fa0
Entry-Level Python Programmer,Layla Grayce,"Lawrence, KS",https://www.indeed.com/viewjob?jk=5cc2ae6f5ac86621
Intranet Communications Specialist,Red Hat Software,Remote,https://www.indeed.com/viewjob?jk=13349093d57dd502
Remote Front End Software Engineer Intern - Winter 2020,Addepar,California,https://www.indeed.com/viewjob?jk=3587dd5b378ea324
Python Software Engineer,SilverOnyx,"Bluffdale, UT",https://www.indeed.com/viewjob?jk=2260e6c9b15d5b64
Python Developer,Sara Technologies,United States,https://www.indeed.com/viewjob?jk=07cc59a85ae4d228
Senior Python Developer,Frontierpay,Remote,https://www.indeed.com/viewjob?jk=249fd45368894066
Backend Python Engineer - Remote,Doctor On Demand,"Minneapolis, MN",https://www.indeed.com/viewjob?jk=73e42b341f1654c8
Python Developer,Ennsee Technologies,"New York, NY",https://www.indeed.com/viewjob?jk=81f1cd0554a6374f
Python Developer,Coveted Solutions,"Charlotte, NC",https://www.indeed.com/viewjob?jk=6f7e1c32ab8770c0
Data Scientist Apprentice,Amazon.com Services LLC,United States,https://www.indeed.com/viewjob?jk=5023251233a7c320
Python Developer,Ioneq Inc.,"Boston, MA",https://www.indeed.com/viewjob?jk=ee6d0b2c18b80cf1
Data Analyst,Imperfect Foods,Remote,https://www.indeed.com/viewjob?jk=271cc9467034ed11
Data Engineer with Python,Brickred,Washington State,https://www.indeed.com/viewjob?jk=3668cbc9b78be2ad
Senior Python Developer,Zigna soft,"McLean, VA",https://www.indeed.com/viewjob?jk=d4391d395dce6dd3
Python Developer (Up to 25% Profit Sharing Benefit),CACI,"Sterling, VA",https://www.indeed.com/viewjob?jk=897207c17330d254
Junior Software Developer,Cangrade Company,"Cambridge, MA",https://www.indeed.com/viewjob?jk=4b9bb0e09c7f93e6
Data Scientist Entry Level - Pathrise Recruiting Partners,Pathrise,Remote,https://www.indeed.com/viewjob?jk=57125117d2b4b0f6
"Consultancy: Open Source Software Mentor, Office of Innovation, remote, part-time, max 30 days within 6 months",UNICEF,United States,https://www.indeed.com/viewjob?jk=9ccf877682b911dc
Python Developer,Indus Group,United States,https://www.indeed.com/viewjob?jk=67008ecde32d356f
Entry Level - Software Developer,Smoothstack Inc,"Fairfax, VA",https://www.indeed.com/viewjob?jk=e49f6527e777a4a3
Senior Python SDET - Hammer Team,Nasuni,"Raleigh, NC",https://www.indeed.com/viewjob?jk=0cb37aa53572f534
"Data Engg Developers ( PYTHON, SQL)",Ace-stack LLC,California,https://www.indeed.com/viewjob?jk=3aa969679f3b47e6
GIS Technician (Contract),Orbital Insight,United States,https://www.indeed.com/viewjob?jk=3e307741d1c78aec
Software Engineer (Python),StratoDem Analytics LLC,"Chapel Hill, NC",https://www.indeed.com/viewjob?jk=8161857206375e3a
Field Operations Specialist,Bayer,Missouri,https://www.indeed.com/viewjob?jk=01ccb7a9f8cf53ea
Data Scientist,Healthcare Fraud Shield,"Chesterfield, MO",https://www.indeed.com/viewjob?jk=326406e3c4c00329
Finance Data Analytics Manager,Smithfield Foods,"Smithfield, VA",https://www.indeed.com/viewjob?jk=8ccac8b405ae154d
Python Developer,Systemonex INC,"New York, NY",https://www.indeed.com/viewjob?jk=261a6748688d29d6
Sr. Python Developer,Valuepro Consulting LLC,"Phoenix, AZ",https://www.indeed.com/viewjob?jk=e20d9445afd3fb03
Software Test Analyst,"Innovative Wireless Technologies, Inc.","Lynchburg, VA",https://www.indeed.com/viewjob?jk=248048b1b807a6d0
"Senior C/C++ Software Engineer, 5+ Years, Robotics/Exoskeletons","Dephy, Inc.","Maynard, MA",https://www.indeed.com/viewjob?jk=781262b4d4211304
Quality Assurance/Test Engineering Manager,"AppGuard, Inc.","Chantilly, VA",https://www.indeed.com/viewjob?jk=e5fca8914a2989c1
Python Developer,KoreMinds LLC,"Houston, TX",https://www.indeed.com/viewjob?jk=970e91be300f3251
Field Operations Specialist,Bayer,Missouri,https://www.indeed.com/viewjob?jk=01ccb7a9f8cf53ea
Online Scratch/Python Remote Instructor,Nature Preschool Center,"Austin, TX",https://www.indeed.com/viewjob?jk=41d9b0e93a198bdf
"Data Engg Developers ( PYTHON, SQL)",Ace-stack LLC,California,https://www.indeed.com/viewjob?jk=3aa969679f3b47e6
Web Developer,"CGSmith.net, LLC","Mukwonago, WI",https://www.indeed.com/viewjob?jk=0656ab7e350e0ef6
Online Coding Instructor,CodeWizardsHQ,"Norfolk, VA",https://www.indeed.com/viewjob?jk=a02bbe388205c372
Junior Quant,Dexterity Capital,Remote,https://www.indeed.com/viewjob?jk=e1a750ccc83bd177
Python Developer,Sreyo Inc,"Morrisville, NC",https://www.indeed.com/viewjob?jk=df9b06ae15f40143
Cloud/DevOps Training & Placement,"Dexter Systems,Inc.,","Leesburg, VA",https://www.indeed.com/viewjob?jk=7ecd3986f94fd5be
Python Test Engineer,SRR Solutions,Virginia,https://www.indeed.com/viewjob?jk=72ba91e537bfae70
Python Developer,NTT DATA Services,"Universal City, CA",https://www.indeed.com/viewjob?jk=589d828f54de7330
Entry Level - Full stack developer / Junior Full stack developer,KesarWeb,"California City, CA",https://www.indeed.com/viewjob?jk=75992af81ea98192
Support,RStudio,United States,https://www.indeed.com/viewjob?jk=2c26339484d5141f
SDET/Java Automation/Python Automation,eTouch A Virtusa Co.,"Mountain View, CA",https://www.indeed.com/viewjob?jk=f58dae93f0958357
Jr. Software Engineer,Hatchways,"Seattle, WA",https://www.indeed.com/viewjob?jk=528cfe3849287b47
Python Programing,Datasys Consulting & Software Inc.,"Los Angeles, CA",https://www.indeed.com/viewjob?jk=9acaa09888afe061
REMOTE-web developer for a ugent project for small business (Python/Django),"Piroshky Baking Company, LLC","Seattle, WA",https://www.indeed.com/viewjob?jk=645cdbae12593c1c
Software Development Intern,Republic Wireless,North Carolina,https://www.indeed.com/viewjob?jk=1be6b31849cb17e5
CE API Specialist - Americas (Canada & South America),kraken,Remote,https://www.indeed.com/viewjob?jk=a7c4344df4855845
Consulting Professors,Saylor Academy,Remote,https://www.indeed.com/viewjob?jk=edb0eb6a7ba31772
"Senior Developer Advocate, Python/Go",Okta,California,https://www.indeed.com/viewjob?jk=afac0d8c147c426f
"Junior Software Developer, Python NASA",ASRC Federal Holding Company,"Greenbelt, MD",https://www.indeed.com/viewjob?jk=874e9e1da8afd2bd
Software Engineer - Junior (C++/Python),Boston Dynamics,"Waltham, MA",https://www.indeed.com/viewjob?jk=0fb17bc73ff9274f
Python Developer,DataLab USA,"Germantown, MD",https://www.indeed.com/viewjob?jk=5825e97da7527c88
Python Developer Trainee,Cndro,"Houston, TX",https://www.indeed.com/viewjob?jk=0cf2026f52be6bc9
Senior Python Developer,Aethon Labs,"San Francisco Bay Area, CA",https://www.indeed.com/viewjob?jk=1ccca04f5183a195
Full Stack Developer I - Petco Foundation (Remote),Petco,"San Diego, CA",https://www.indeed.com/viewjob?jk=b3c69c6aff558a05
Developer - Python Django,Energy Sense Finance,"Tampa, FL",https://www.indeed.com/viewjob?jk=213f60ab30d8eece
Junior Developer - Python,Akuna Capital,"Chicago, IL",https://www.indeed.com/viewjob?jk=0b2c553a665c7d64
Backend Developer,Emergere Technologies,Texas,https://www.indeed.com/viewjob?jk=69d61b5b1052c23e
Python Developer,Callsign Media,"Las Vegas, NV",https://www.indeed.com/viewjob?jk=345e22ca6e583be5
Quantitative Trader - Entry Level,Avatar Securities,"Chicago, IL",https://www.indeed.com/viewjob?jk=d01efa8dad29efdc
Threat Intelligence Specialist,Proofpoint,"Richmond, VA",https://www.indeed.com/viewjob?jk=3fa18fb3a7f441c9
Virtual Online Tech Camp Instructor - REMOTE,Lavner Camps,Remote,https://www.indeed.com/viewjob?jk=ea52a48dbe551be5
Senior Python Software Engineer,"Interos, Inc.",Virginia,https://www.indeed.com/viewjob?jk=0462e69e197e1774
"Data Engineer, Python/Kafka",GetWellNetwork,Remote,https://www.indeed.com/viewjob?jk=11f6755a30e46200
HPC Technology Specialist,Jefferson Lab,"Newport News, VA",https://www.indeed.com/viewjob?jk=7f6c61a88f953d40
Python developer,RiVi Consulting Group,"Alpharetta, GA",https://www.indeed.com/viewjob?jk=2f4a8dc24f721476
Python Developer,"Shinetech Software, Inc.","Los Angeles, CA",https://www.indeed.com/viewjob?jk=f945a5c3f37ff67f
US-based SR Python Developer with experience in Pandas,arc.dev,Remote,https://www.indeed.com/viewjob?jk=84b9e6f6da134001
Python Developer,Ken Info Systems,"Seattle, WA",https://www.indeed.com/viewjob?jk=753a4af2b3b568a7
"Vice President, Data",Auth0,United States,https://www.indeed.com/viewjob?jk=b90b738765d86c70
Full StackDeveloper III - Petco Foundation (Remote),Petco,"San Diego, CA",https://www.indeed.com/viewjob?jk=2c8a2e213631b56a
Python IIOT Software Developer,Automation Intellect,"Charlotte, NC",https://www.indeed.com/viewjob?jk=d1bc3837bdffb1da
QA Tester (CR-0026-E-GD-VA),"Crown Consulting, Inc.","Arlington, VA",https://www.indeed.com/viewjob?jk=c2eb8db75c3aa0c0
Tutor in Python online,MakerState,"New York, NY",https://www.indeed.com/viewjob?jk=469dc5c2056f68b8
Data Scientist,Big River Steel Llc,United States,https://www.indeed.com/viewjob?jk=faf4bcba629e131a
Data Scientist,Healthcare Fraud Shield,"Chesterfield, MO",https://www.indeed.com/viewjob?jk=326406e3c4c00329
Python and SAS analyst,Maxus technology,Remote,https://www.indeed.com/viewjob?jk=8ec30fe979f9a788
Python developer,VAUXOO,"Colima, GA",https://www.indeed.com/viewjob?jk=f7669fcbd77ecd11
Data Scientist,Healthcare Fraud Shield,"Chesterfield, MO",https://www.indeed.com/viewjob?jk=326406e3c4c00329
Early-Career Software Engineer,Lockheed Martin,"Herndon, VA",https://www.indeed.com/viewjob?jk=081b1d008cd05c85
Full Stack Developer,"DataPrivia, Inc.","Lynchburg, VA",https://www.indeed.com/viewjob?jk=1c8736147ead4a44
Python Developer,Systech Corp,Remote,https://www.indeed.com/viewjob?jk=4d6e2b42ed19c1ec
Python / Scratch / Java teacher for kids (part-time),Amazing Education Center,"Washington, DC",https://www.indeed.com/viewjob?jk=f3808a05a4941fa0
Entry-Level Python Programmer,Layla Grayce,"Lawrence, KS",https://www.indeed.com/viewjob?jk=5cc2ae6f5ac86621
Python Developer,HCL America Inc,"San Jose, CA",https://www.indeed.com/viewjob?jk=9b68252160700101
Intranet Communications Specialist,Red Hat Software,Remote,https://www.indeed.com/viewjob?jk=13349093d57dd502
Remote Front End Software Engineer Intern - Winter 2020,Addepar,California,https://www.indeed.com/viewjob?jk=3587dd5b378ea324
Python Developer,Systech Corp,Remote,https://www.indeed.com/viewjob?jk=4d6e2b42ed19c1ec
Python Framework Developer,HCL America Inc,"Austin, TX",https://www.indeed.com/viewjob?jk=6b2f175deb4cbdc6
Python Developer,Sara Technologies,United States,https://www.indeed.com/viewjob?jk=07cc59a85ae4d228
Senior Python Developer,Frontierpay,Remote,https://www.indeed.com/viewjob?jk=249fd45368894066
Backend Python Engineer - Remote,Doctor On Demand,"Minneapolis, MN",https://www.indeed.com/viewjob?jk=73e42b341f1654c8
Python Developer,Ennsee Technologies,"New York, NY",https://www.indeed.com/viewjob?jk=81f1cd0554a6374f
Python Developer,Coveted Solutions,"Charlotte, NC",https://www.indeed.com/viewjob?jk=6f7e1c32ab8770c0
Data Scientist Apprentice,Amazon.com Services LLC,United States,https://www.indeed.com/viewjob?jk=5023251233a7c320
Python Developer,Ioneq Inc.,"Boston, MA",https://www.indeed.com/viewjob?jk=ee6d0b2c18b80cf1
Data Analyst,Imperfect Foods,Remote,https://www.indeed.com/viewjob?jk=271cc9467034ed11
Senior Python Developer,Frontierpay,Remote,https://www.indeed.com/viewjob?jk=249fd45368894066
Senior Python Developer,Zigna soft,"McLean, VA",https://www.indeed.com/viewjob?jk=d4391d395dce6dd3
Data Engineer with Python,Brickred,Washington State,https://www.indeed.com/viewjob?jk=3668cbc9b78be2ad
Data Analyst,Imperfect Foods,Remote,https://www.indeed.com/viewjob?jk=271cc9467034ed11
Data Engineer,Fayetteville Public Works Commission,"Fayetteville, NC",https://www.indeed.com/viewjob?jk=60410eed22735b70
Junior Software Developer,Cangrade Company,"Cambridge, MA",https://www.indeed.com/viewjob?jk=4b9bb0e09c7f93e6
Software Developer,"International Consulting Associates, Inc (ICA)","Arlington, VA",https://www.indeed.com/viewjob?jk=61a2067658926ec3
"Consultancy: Open Source Software Mentor, Office of Innovation, remote, part-time, max 30 days within 6 months",UNICEF,United States,https://www.indeed.com/viewjob?jk=9ccf877682b911dc
Python Developer,Systech Corp,Remote,https://www.indeed.com/viewjob?jk=4d6e2b42ed19c1ec
Python Developer,Indus Group,United States,https://www.indeed.com/viewjob?jk=67008ecde32d356f
Python Developer (Up to 25% Profit Sharing Benefit),CACI,"Sterling, VA",https://www.indeed.com/viewjob?jk=897207c17330d254
Data Scientist Entry Level - Pathrise Recruiting Partners,Pathrise,Remote,https://www.indeed.com/viewjob?jk=57125117d2b4b0f6
Entry Level - Software Developer,Smoothstack Inc,"Fairfax, VA",https://www.indeed.com/viewjob?jk=e49f6527e777a4a3
Junior Quant,Dexterity Capital,Remote,https://www.indeed.com/viewjob?jk=e1a750ccc83bd177
Senior Python SDET - Hammer Team,Nasuni,"Raleigh, NC",https://www.indeed.com/viewjob?jk=0cb37aa53572f534
Technical Data Analyst Fellow,Change Research,"San Francisco, CA",https://www.indeed.com/viewjob?jk=5218a1de1f559d42
Sustainability Analyst,TemperPack,"Richmond, VA",https://www.indeed.com/viewjob?jk=f3f5714d034a0a5a
Software Developer,Decisions,"Chesapeake, VA",https://www.indeed.com/viewjob?jk=5f23fc96e4bce00d
Python Framework Developer,HCL America Inc,"Austin, TX",https://www.indeed.com/viewjob?jk=6b2f175deb4cbdc6
"Software Engineer (python, backend)",Big Data Federation,"Santa Clara, CA",https://www.indeed.com/viewjob?jk=306c7a01fa390d13
Python Developer,HCL America Inc,"San Jose, CA",https://www.indeed.com/viewjob?jk=9b68252160700101
Data & Analytics Strategist,Spinutech,United States,https://www.indeed.com/viewjob?jk=1939db7ac0ce2cc1
Python Developer,IST Inc.,"Charlotte, NC",https://www.indeed.com/viewjob?jk=6fb079ede0537edf
Data Implementation Specialist,The New Jersey Civil Service Commission,New Jersey,https://www.indeed.com/viewjob?jk=58cd9341d1b902d9
Odoo Developer,DRC Techno,United States,https://www.indeed.com/viewjob?jk=ed63a57e4936e638
Data Center Operations Engineer,Facebook,"Henrico County, VA",https://www.indeed.com/viewjob?jk=43343a1293695a89
Desktop Support Engineer,AutoAnything,"San Diego, CA",https://www.indeed.com/viewjob?jk=bc4952dc82917f5b
Senior Software Engineer (Python)- Remote,VitalSource,"Pittsburgh, PA",https://www.indeed.com/viewjob?jk=92d3088fba977aea
Data Engineer role(SQL/Python/AWS)-Remote,Clairvoyant,"Tempe, AZ",https://www.indeed.com/viewjob?jk=5203720e2d81af86
Codespire Instructor,Summer Scholars,United States,https://www.indeed.com/viewjob?jk=2e1c51a9b4aeb878
Data Associate,NextGen America,"San Francisco, CA",https://www.indeed.com/viewjob?jk=aaec318758dfa514
Junior Python Developer,GTS,"New York, NY",https://www.indeed.com/viewjob?jk=f8f068da6dd93fa6
Entry Level - Full stack Java Developer,KesarWeb,"Texas City, TX",https://www.indeed.com/viewjob?jk=a6669a6f37f931f4
Senior Python Developer,Solution Street,"Herndon, VA",https://www.indeed.com/viewjob?jk=a24b40db60d61639
UI/Front End Developer,"Atomic Corporate Industries, Inc.","Chantilly, VA",https://www.indeed.com/viewjob?jk=3816f4fe334c0c2a
REMOTE: Senior Python / Django Consultant,Syrinx,Massachusetts,https://www.indeed.com/viewjob?jk=b94c985ff5b59496
Onsite Positions,Lumium,United States,https://www.indeed.com/viewjob?jk=c6fab4100995de1c
Python Developer,Capgemini,"New York, NY",https://www.indeed.com/viewjob?jk=9fc91ad3a3a6273d
Python Developer,STPL,"San Mateo, CA",https://www.indeed.com/viewjob?jk=da2477680ee9b659
Linux with Python Scripting,Nivid Technologies,"Richardson, TX",https://www.indeed.com/viewjob?jk=84fea15ba64180d7
"Software Engineer (Remote, USA, Full-Time)",4 Mile Analytics,Remote,https://www.indeed.com/viewjob?jk=f1a9fc035b51ec39
Python Developer,WILLSMARG TECHNOLOGIES LLC,"Los Altos, CA",https://www.indeed.com/viewjob?jk=60f4675b681c782e
Risk Analyst,Twilio,Georgia,https://www.indeed.com/viewjob?jk=7ecf0cdee5d8286d
AWS roles - REMOTE,Fast Dolphin,"San Francisco, CA",https://www.indeed.com/viewjob?jk=c23107c4cd63e041
Software Engineer,XO Energy,"St Thomas, VI",https://www.indeed.com/viewjob?jk=4be27c87395e5c42
Python Developer,1974,"Princeton, NJ",https://www.indeed.com/viewjob?jk=444cb9daa3a208d8
Software Engineer,"Utilidata, Inc.","Providence, RI",https://www.indeed.com/viewjob?jk=2f978886eb4612f1
NLP Engineer,IMMUNITY HEALTH,United States,https://www.indeed.com/viewjob?jk=fc102979e576bc81
Software Engineer,Administrate,Remote,https://www.indeed.com/viewjob?jk=fbcfb5872612e90e
Web Developer,Pavlov Media Inc,"Champaign, IL",https://www.indeed.com/viewjob?jk=87e71cf1955243ef
Data Analyst- Contract,ProjectManager.com,Texas,https://www.indeed.com/viewjob?jk=7c1c2e6b07fead60
Test Automation Engineer,HomeAdvisor & Angie's List,Colorado,https://www.indeed.com/viewjob?jk=6ad58856286dd88b
"Software Engineer, Django/Python","Adfone, Inc","Fort Lauderdale, FL",https://www.indeed.com/viewjob?jk=96452a25a382a866
Open Source Software Engineer - Python Agent Team,New Relic,"Los Angeles, CA",https://www.indeed.com/viewjob?jk=e32378b76452d328
Java / C++ / Python Developers,10Types,"Wilmington, DE",https://www.indeed.com/viewjob?jk=47e2b785d4d0ef49
Python Developer (CONTRACT),3blackdot,"Los Angeles, CA",https://www.indeed.com/viewjob?jk=b64ca01e0956cf2c
Python Developer,Data Ninjas Inc,"Irving, TX",https://www.indeed.com/viewjob?jk=97c69c770b0d8bf1
Vendor Management with Strong Excel,"Del Oro Consulting, Inc.","Morrisville, NC",https://www.indeed.com/viewjob?jk=8a0d22c392502e36
Java / Python Tutors,"SAM Consulting Services, Inc.","New York, NY",https://www.indeed.com/viewjob?jk=6dd414e5bf2653aa
Machine Learning Internship,Percolata Corporation,"Palo Alto, CA",https://www.indeed.com/viewjob?jk=4916db701447e286
Sr. Python Developer,Ksquareinc,"Dallas, TX",https://www.indeed.com/viewjob?jk=adf69da605fc4308
Python Developer,Fairmarkit,"Boston, MA",https://www.indeed.com/viewjob?jk=df08f282d8d5546d
EDU Solutions Builder,"Amazon Web Services, Inc.",Virginia,https://www.indeed.com/viewjob?jk=6bb915a0d0942d82
SOFTWARE ENGINEER (ENTRY-LEVEL),Bongo,"Loveland, CO",https://www.indeed.com/viewjob?jk=a0cff02a018273c8
Jr. Full-Stack Website Developer,CovalentCareers,"San Diego, CA",https://www.indeed.com/viewjob?jk=a4c5b39a6df22d8e
Quality Assurance/Test Engineering Manager,"AppGuard, Inc.","Chantilly, VA",https://www.indeed.com/viewjob?jk=e5fca8914a2989c1
PYTHON SOFTWARE ENGINEER,"BigBear, Inc.","Reston, VA",https://www.indeed.com/viewjob?jk=5d22203661669770
"Senior C/C++ Software Engineer, 5+ Years, Robotics/Exoskeletons","Dephy, Inc.","Maynard, MA",https://www.indeed.com/viewjob?jk=781262b4d4211304
Software Test Analyst,"Innovative Wireless Technologies, Inc.","Lynchburg, VA",https://www.indeed.com/viewjob?jk=248048b1b807a6d0
Senior Python Developer,eMoney Advisor,Remote,https://www.indeed.com/viewjob?jk=b59a2281d58eefdf
Jr. Big Data Engineer,Enhance IT,"Louisville, KY",https://www.indeed.com/viewjob?jk=ada664e66a7a86ab
Full Stack Developer,RGI Corp.,"McLean, VA",https://www.indeed.com/viewjob?jk=2187df285a886b63
Sr. Python Developer,Valuepro Consulting LLC,"Phoenix, AZ",https://www.indeed.com/viewjob?jk=e20d9445afd3fb03
REMOTE-web developer for a ugent project for small business (Python/Django),"Piroshky Baking Company, LLC","Seattle, WA",https://www.indeed.com/viewjob?jk=645cdbae12593c1c
Software Development Intern,Republic Wireless,North Carolina,https://www.indeed.com/viewjob?jk=1be6b31849cb17e5
Python Developer Trainee,Cndro,"Houston, TX",https://www.indeed.com/viewjob?jk=0cf2026f52be6bc9
Developer - Python Django,Energy Sense Finance,"Tampa, FL",https://www.indeed.com/viewjob?jk=213f60ab30d8eece
Consulting Professors,Saylor Academy,Remote,https://www.indeed.com/viewjob?jk=edb0eb6a7ba31772
"Junior Software Developer, Python NASA",ASRC Federal Holding Company,"Greenbelt, MD",https://www.indeed.com/viewjob?jk=874e9e1da8afd2bd
CE API Specialist - Americas (Canada & South America),kraken,Remote,https://www.indeed.com/viewjob?jk=a7c4344df4855845
Support,RStudio,United States,https://www.indeed.com/viewjob?jk=2c26339484d5141f
Python Developer,DataLab USA,"Germantown, MD",https://www.indeed.com/viewjob?jk=5825e97da7527c88
"Senior Developer Advocate, Python/Go",Okta,California,https://www.indeed.com/viewjob?jk=afac0d8c147c426f
Full Stack Developer I - Petco Foundation (Remote),Petco,"San Diego, CA",https://www.indeed.com/viewjob?jk=b3c69c6aff558a05
Senior Python Developer,Aethon Labs,"San Francisco Bay Area, CA",https://www.indeed.com/viewjob?jk=1ccca04f5183a195
Junior Developer - Python,Akuna Capital,"Chicago, IL",https://www.indeed.com/viewjob?jk=0b2c553a665c7d64
Python Developer,Callsign Media,"Las Vegas, NV",https://www.indeed.com/viewjob?jk=345e22ca6e583be5
Backend Developer,Emergere Technologies,Texas,https://www.indeed.com/viewjob?jk=69d61b5b1052c23e
Data Scientist,"Curative Inc,","Washington, DC",https://www.indeed.com/viewjob?jk=a6565e2068a4ae6a
Full Stack Developer I - Petco Foundation (Remote),Petco,"San Diego, CA",https://www.indeed.com/viewjob?jk=b3c69c6aff558a05
Senior Python Developer,Aethon Labs,"San Francisco Bay Area, CA",https://www.indeed.com/viewjob?jk=1ccca04f5183a195
Junior Developer - Python,Akuna Capital,"Chicago, IL",https://www.indeed.com/viewjob?jk=0b2c553a665c7d64
Python Developer,Callsign Media,"Las Vegas, NV",https://www.indeed.com/viewjob?jk=345e22ca6e583be5
Backend Developer,Emergere Technologies,Texas,https://www.indeed.com/viewjob?jk=69d61b5b1052c23e
Virtual Online Tech Camp Instructor - REMOTE,Lavner Camps,Remote,https://www.indeed.com/viewjob?jk=ea52a48dbe551be5
Senior Python Software Engineer,"Interos, Inc.",Virginia,https://www.indeed.com/viewjob?jk=0462e69e197e1774
Threat Intelligence Specialist,Proofpoint,"Richmond, VA",https://www.indeed.com/viewjob?jk=3fa18fb3a7f441c9
"Data Engineer, Python/Kafka",GetWellNetwork,Remote,https://www.indeed.com/viewjob?jk=11f6755a30e46200
Python developer,RiVi Consulting Group,"Alpharetta, GA",https://www.indeed.com/viewjob?jk=2f4a8dc24f721476
Python Developer,Ken Info Systems,"Seattle, WA",https://www.indeed.com/viewjob?jk=753a4af2b3b568a7
Full StackDeveloper III - Petco Foundation (Remote),Petco,"San Diego, CA",https://www.indeed.com/viewjob?jk=2c8a2e213631b56a
Quantitative Trader - Entry Level,Avatar Securities,"Chicago, IL",https://www.indeed.com/viewjob?jk=d01efa8dad29efdc
US-based SR Python Developer with experience in Pandas,arc.dev,Remote,https://www.indeed.com/viewjob?jk=84b9e6f6da134001
Quantitative Trader - Entry Level,Avatar Securities,"Chicago, IL",https://www.indeed.com/viewjob?jk=d01efa8dad29efdc
US-based SR Python Developer with experience in Pandas,arc.dev,Remote,https://www.indeed.com/viewjob?jk=84b9e6f6da134001
"Vice President, Data",Auth0,United States,https://www.indeed.com/viewjob?jk=b90b738765d86c70
QA Tester (CR-0026-E-GD-VA),"Crown Consulting, Inc.","Arlington, VA",https://www.indeed.com/viewjob?jk=c2eb8db75c3aa0c0
Data Scientist,Big River Steel Llc,United States,https://www.indeed.com/viewjob?jk=faf4bcba629e131a
JavaScript Developer,Autonomy Co-op,"Portland, OR",https://www.indeed.com/viewjob?jk=eeeb0ba21d931e66
Data Scientist,"Curative Inc,","Washington, DC",https://www.indeed.com/viewjob?jk=a6565e2068a4ae6a
Data Analyst / Developer - REMOTE,General Dynamics Information Technology,Virginia,https://www.indeed.com/viewjob?jk=9e0c5a2916d8c052
Python and SAS analyst,Maxus technology,Remote,https://www.indeed.com/viewjob?jk=8ec30fe979f9a788
Software Engineer,Hatchways,"San Francisco Bay Area, CA",https://www.indeed.com/viewjob?jk=aa707b444f22a37b
Python IIOT Software Developer,Automation Intellect,"Charlotte, NC",https://www.indeed.com/viewjob?jk=d1bc3837bdffb1da
Junior Data Scientist - Pathrise Recruiting Partners,Pathrise,Remote,https://www.indeed.com/viewjob?jk=4fbc59d736aac3c6
Music Composer,Gearbox Software,"Frisco, TX",https://www.indeed.com/viewjob?jk=e0120791fafd200d
Python developer,VAUXOO,"Colima, GA",https://www.indeed.com/viewjob?jk=f7669fcbd77ecd11
Python Developer,Bilkins Inc,"Goodlettsville, TN",https://www.indeed.com/viewjob?jk=61763d40c28db6c1
HPC Technology Specialist,Jefferson Lab,"Newport News, VA",https://www.indeed.com/viewjob?jk=7f6c61a88f953d40
Jr Python Developer,Global Data Management Inc,"Woodbridge, NJ",https://www.indeed.com/viewjob?jk=24185ea11dee3248
Linux and Windows Administrator,Teramind,Remote,https://www.indeed.com/viewjob?jk=f6b67373b2a38da2
Python Developer,Technamo LLC,"Washington, DC",https://www.indeed.com/viewjob?jk=603d6893fcd12c10
Tutor in Python online,MakerState,"New York, NY",https://www.indeed.com/viewjob?jk=469dc5c2056f68b8
Python Developer,Systech Corp,Remote,https://www.indeed.com/viewjob?jk=4d6e2b42ed19c1ec
"Customer Support, Level 1",Algolia,Remote,https://www.indeed.com/viewjob?jk=4f0533220e2fd370
Python Software Intern,Formlabs,"Somerville, MA",https://www.indeed.com/viewjob?jk=695fb61932354586
Business Intelligence Intern (Fall 2020),Pittsburgh Penguins,"Pittsburgh, PA",https://www.indeed.com/viewjob?jk=d3f316ab23afed70
Penetration Testing Trainee (Remote USA),BreachLock,"Florida, NY",https://www.indeed.com/viewjob?jk=487b30db63184515
Full Stack Java / Python Developer,SSI,"Pittsburgh, PA",https://www.indeed.com/viewjob?jk=2bb48942c749c930
Data Scientist,"Curative Inc,","Washington, DC",https://www.indeed.com/viewjob?jk=a6565e2068a4ae6a
Data Center Technician,"Amazon Data Services, Inc.","Manassas, VA",https://www.indeed.com/viewjob?jk=648fdbcc9f6bc099
Python Developer (NLP Data Science),"The Consortium, Inc.","Reston, VA",https://www.indeed.com/viewjob?jk=2204fb3c0e22e6c2
PYTHON DEVELOPER,Pythonwise,"Seattle, WA",https://www.indeed.com/viewjob?jk=1a20a1c56fb7df73
Jr Python Developer,Global Data Management Inc,"Woodbridge, NJ",https://www.indeed.com/viewjob?jk=24185ea11dee3248
Sr. Python Developer,Gathi Analytics,"San Antonio, TX",https://www.indeed.com/viewjob?jk=dfaa2ae3feddca9e
Full Stack Java / Python Developer,SSI,"Pittsburgh, PA",https://www.indeed.com/viewjob?jk=2bb48942c749c930
"Customer Support, Level 1",Algolia,Remote,https://www.indeed.com/viewjob?jk=4f0533220e2fd370
Python Developer,eTouch A Virtusa Co.,"San Bruno, CA",https://www.indeed.com/viewjob?jk=696e3f7285c3b08a
Tutor in Python online,MakerState,"New York, NY",https://www.indeed.com/viewjob?jk=469dc5c2056f68b8
Entry Level Data Analyst,Hopjump,"Boston, MA",https://www.indeed.com/viewjob?jk=2532431132ffbda1
Cybersecurity Intern,Cybernet Systems Corporation,"Orlando, FL",https://www.indeed.com/viewjob?jk=36fff12399e2e5eb
Backend Developer Intern,Open Water VC,"Menlo Park, CA",https://www.indeed.com/viewjob?jk=c3edf537406ace39
Python Developer (NLP Data Science),"The Consortium, Inc.","Reston, VA",https://www.indeed.com/viewjob?jk=2204fb3c0e22e6c2
Python Programmer,adroitts,"Reston, VA",https://www.indeed.com/viewjob?jk=cb7fb4bf688c84fd
Python Developer,Cyber Chasse,United States,https://www.indeed.com/viewjob?jk=c8aaa182fdba1cdb
Python/Django Developer,D-Tech,"Herndon, VA",https://www.indeed.com/viewjob?jk=5ba3cbc6c6cb54af
Python Developer,Systech Corp,Remote,https://www.indeed.com/viewjob?jk=4d6e2b42ed19c1ec
"Software Engineer, University Grad",Facebook,"Los Angeles, CA",https://www.indeed.com/viewjob?jk=ac8c8e4cd7932e29
Director of Portfolio and Risk Management,International Private Bank,"Christiansted, VI",https://www.indeed.com/viewjob?jk=715f71e8374fa1b7
Denodo Developer,TEK BAY,"Exton, PA",https://www.indeed.com/viewjob?jk=6eb6360844b81346
SOFTWARE QUALITY ASSURANCE ENGINEER,"Healthcare Systems and Technologies, LLC","Lafayette, CA",https://www.indeed.com/viewjob?jk=8cbdaa24432493ea
Data Scientist,Source Enterprises,"New York, NY",https://www.indeed.com/viewjob?jk=1636faa0308fd08f
IT Workforce Internships (College Credit & Paid Opportunities Available),The Learning Academy,"New Haven, CT",https://www.indeed.com/viewjob?jk=f60460752bd53ce8
Public Health Data Support,U.S. Environmental Protection Agency (EPA),"Chapel Hill, NC",https://www.indeed.com/viewjob?jk=24f10900b056b221
Developer,IXIS,"Burlington, VT",https://www.indeed.com/viewjob?jk=c92e7fcf734de333
"Financial Analyst II, Amazon Air",Amazon.com Services LLC,California,https://www.indeed.com/viewjob?jk=a1e22f3dadec2f30
ReactJS Developer,Digital dhara,Remote,https://www.indeed.com/viewjob?jk=df03d91df4cbcb32
Python Software Developer,Perpetual,"New York, NY",https://www.indeed.com/viewjob?jk=e98ece4acc0f8241
Python Developer,intellectt,"Dallas, TX",https://www.indeed.com/viewjob?jk=da757cb41e877825
Software Engingeer,TEAMSUPPORT,Remote,https://www.indeed.com/viewjob?jk=33ecc36e9465d0ba
Python Backend Engineer,LeetCode,"Palo Alto, CA",https://www.indeed.com/viewjob?jk=a713a19188e1aac3
Revenue Management Analyst,AvalonBay Communities,"Arlington, VA",https://www.indeed.com/viewjob?jk=0118a488a7b16246
Data Analyst - Healthcare claims,Pricesenz,Remote,https://www.indeed.com/viewjob?jk=599585fdef7fcb31
Data Analyst,Signet Jewelers,"New York, NY",https://www.indeed.com/viewjob?jk=8656231195af22c1
Python/ Hadoop Developer,Bank of America,"Charlotte, NC",https://www.indeed.com/viewjob?jk=5131ae972fd436ff
"Data Science Online Course Instructor (Part-Time, Contract)",DataCamp,"New York, NY",https://www.indeed.com/viewjob?jk=23b5b7b2a7de4a52
AWS Connect Engineer,Infotree Global,"Seattle, WA",https://www.indeed.com/viewjob?jk=17f42328abaecfbd
QA Engineer,Amwell,"Boston, MA",https://www.indeed.com/viewjob?jk=9c1331ac9a773921
WPS Data Services Professional - Associate,"Nomura Holdings, Inc.",United States,https://www.indeed.com/viewjob?jk=0a5c2dfe82c4f573
WFM - Workforce Analyst,"Amazon Web Services, Inc.","Arlington, VA",https://www.indeed.com/viewjob?jk=dba6c9aa1c10ec4f
Software Engineer Autonomous Vehicle - C++ & Python,TuSimple,"Seattle, WA",https://www.indeed.com/viewjob?jk=319a2a555cc8c3be
"Software Engineer, Intern/Co-op",Facebook,"Sausalito, CA",https://www.indeed.com/viewjob?jk=be563c142bf3913c
"Integration lead (Python, Microservices, CI/CD)",Techera,"Lake Forest, CA",https://www.indeed.com/viewjob?jk=4d54770073ea343b
"Full Stack Software Engineer, Remote",Canary Technologies,Remote,https://www.indeed.com/viewjob?jk=42b7fc424289a17b
Full-Stack Developers Intern,FutureLoop,United States,https://www.indeed.com/viewjob?jk=6deca4143c84790d
Student Relation Manager,Coding Temple,"Chicago, IL",https://www.indeed.com/viewjob?jk=db304753140709b7
Data Pipeline Engineer @ Remote,TheRIIM LLC,"Portland, OR",https://www.indeed.com/viewjob?jk=dbfc314b1eb13237
Subject Matter Expert: Backend Web Development,Codecademy,Remote,https://www.indeed.com/viewjob?jk=774dacda2ac5c6e7
Junior Data Scientist,Dash Technologies Inc,"Tampa, FL",https://www.indeed.com/viewjob?jk=e482c2194ccb9173
Data Engineer,Impresiv Health,Remote,https://www.indeed.com/viewjob?jk=47a5ba51da1ab4dc
Software Engineer,Twitter,United States,https://www.indeed.com/viewjob?jk=c999e87ff9a2eef7
Research Scientist,Kenzen,"San Francisco Bay Area, CA",https://www.indeed.com/viewjob?jk=4f530ca4a07d958e
SRE Engineer,Brickred,Arizona,https://www.indeed.com/viewjob?jk=0f9baa94e3873446
User Interface Developer (Angular),Eventus Systems,Texas,https://www.indeed.com/viewjob?jk=30e9b507f85b948b
Software Engineer,Microsoft,"Redmond, WA",https://www.indeed.com/viewjob?jk=d2afa7c6bec1b057
5G mmwave Fall 2020 R&D Coop Expansion,MN Mobile Networks,"Naperville, IL",https://www.indeed.com/viewjob?jk=2613f9165117f23a
ETL/BI Developer,"Casella Construction, Inc.","Mendon, VT",https://www.indeed.com/viewjob?jk=7f048edceaf8361a
Software Developer,Inspiren,"New York, NY",https://www.indeed.com/viewjob?jk=36197e6b461ddf4b
Backend Developer with Python/PHP OR PHP Developer OR Python Developer,ARK Solutions,"Fremont, CA",https://www.indeed.com/viewjob?jk=f523ebe8f1e4440f
Python Developer,"Artemis Consulting, Inc.","Washington, DC",https://www.indeed.com/viewjob?jk=ae5ea0e21efafcdd
Triage Engineer,MongoDB,New York State,https://www.indeed.com/viewjob?jk=17ef2875e1973ec0
Web Developer,"Mueller, Inc.",United States,https://www.indeed.com/viewjob?jk=2d279d69ae2a13be
Wholesale Power Analyst,ICF,"Fairfax, VA",https://www.indeed.com/viewjob?jk=f0057c7637955b8a
Data Engineer I,Entergy,"The Woodlands, TX",https://www.indeed.com/viewjob?jk=07988a00f2887a70
Software Engineer - Remote (Raleigh-Durham based),FarApp,"Raleigh, NC",https://www.indeed.com/viewjob?jk=0c686a047605c31f
MuleSoft Developer,ConnectedX Inc.,"Atlanta, GA",https://www.indeed.com/viewjob?jk=6ef8d2299e9f8ea1
"Software Engineer, C++ - Remote",Cogito Corporation,Remote,https://www.indeed.com/viewjob?jk=71ee807f3f98e1e1
Software Engineer - University Graduate,PayPal,"Conshohocken, PA",https://www.indeed.com/viewjob?jk=46fc5fa109562630
Quality Assurance/Test Engineering Manager,"AppGuard, Inc.","Chantilly, VA",https://www.indeed.com/viewjob?jk=e5fca8914a2989c1
PYTHON SOFTWARE ENGINEER,"BigBear, Inc.","Reston, VA",https://www.indeed.com/viewjob?jk=5d22203661669770
Python Developer,Systemonex INC,"New York, NY",https://www.indeed.com/viewjob?jk=261a6748688d29d6
Senior Python Developer,eMoney Advisor,Remote,https://www.indeed.com/viewjob?jk=b59a2281d58eefdf
Python Developer,Systech Corp,Remote,https://www.indeed.com/viewjob?jk=4d6e2b42ed19c1ec
Jr. Big Data Engineer,Enhance IT,"Louisville, KY",https://www.indeed.com/viewjob?jk=ada664e66a7a86ab
Software Test Analyst,"Innovative Wireless Technologies, Inc.","Lynchburg, VA",https://www.indeed.com/viewjob?jk=248048b1b807a6d0
Sr. Python Developer,Valuepro Consulting LLC,"Phoenix, AZ",https://www.indeed.com/viewjob?jk=e20d9445afd3fb03
Data Analyst,Protect Democracy,Remote,https://www.indeed.com/viewjob?jk=229b01b4b85c1308
Python Engineer,GCS,"Broomfield, CO",https://www.indeed.com/viewjob?jk=8cd9ba43f5c08210
SPAC Trader - Hedge Fund,SR Investment Partners,"Greenwich, CT",https://www.indeed.com/viewjob?jk=2537af0cc3e48955
Entry Level - Full stack developer / Junior Full stack developer,Dash Technologies Inc,"New York, NY",https://www.indeed.com/viewjob?jk=c95eda07ccaa641b
Python Developer - in house only - for immediate hiring,Mbs Standoffs,"Tampa, FL",https://www.indeed.com/viewjob?jk=b1e0595f6398c27c
eCommerce Front End Web Developer,Lighting New York,Pennsylvania,https://www.indeed.com/viewjob?jk=ab1e34fcfcd52bc2
Data Analyst Apprentice,Digital Creative Institute,"Pleasanton, TX",https://www.indeed.com/viewjob?jk=bca632d6bbebab30
Python Developer,WalkerCassidy,"Las Vegas, NV",https://www.indeed.com/viewjob?jk=555651710190254d
Python Developer,CitiusTech,"Denver, CO",https://www.indeed.com/viewjob?jk=7737bce62e7c58e0
Data Migrations Analyst,Litify,New York State,https://www.indeed.com/viewjob?jk=c0f36235889a7fbb
"Contract Tech Writer, software developer doc; $50/hr W2, flex-time, 100% remote.",Synergistech,United States,https://www.indeed.com/viewjob?jk=e5eea03ecaf26a9f
Entry-Level Python Developer Teaching Assistant (Finance Sector),Trilogy Education,"Arlington County, VA",https://www.indeed.com/viewjob?jk=5f6df129c05df5c2
Senior Python Software Engineer,IdeasJam,Remote,https://www.indeed.com/viewjob?jk=64c100036816dd4f
Quality Assurance Engineer,Amazon.com Services LLC,"North Reading, MA",https://www.indeed.com/viewjob?jk=e955b1f531d51bfd
Software Developer,Oliphant USA,"Sarasota, FL",https://www.indeed.com/viewjob?jk=4a5dc369a0af6bb1
Machine Learning Software Engineer,GreenSight Agronomics,"Boston, MA",https://www.indeed.com/viewjob?jk=a0b80500d65fd1f7
Python Developer (NLP/Data Science) (w2 only),infolob,"Reston, VA",https://www.indeed.com/viewjob?jk=e9627b08378caf55
Software Engineer - Python for Windows - Remote,SaltStack,"Lehi, UT",https://www.indeed.com/viewjob?jk=f6dcfcb393c2d1ba
Application Security Engineer Intern,Unity Technologies,California,https://www.indeed.com/viewjob?jk=f1fbae57a0593ae5
Entry-Level Python Developer Teaching Assistant (Finance Sector),Trilogy Education,"Arlington County, VA",https://www.indeed.com/viewjob?jk=5f6df129c05df5c2
Python Developer,Donato Technologies INC,"Irving, TX",https://www.indeed.com/viewjob?jk=b9bf971001e620f0
Data Engineer (Python /AWS / Snowflake),Castlight Health,"San Francisco, CA",https://www.indeed.com/viewjob?jk=aa7071f5d150c467
Data Scientist,Nautilus Labs,United States,https://www.indeed.com/viewjob?jk=f3101354771c04c6
Sr. Python Developer with AWS,BTree Solutions Inc,"Reston, VA",https://www.indeed.com/viewjob?jk=52e37d321eb889ed
Python Developer,Systech Corp,Remote,https://www.indeed.com/viewjob?jk=4d6e2b42ed19c1ec
Python/Full Stack Developer,Precision Solutions,"Sterling, VA",https://www.indeed.com/viewjob?jk=c503c31ba2dc380a
Web Developer- Must Know Python Django Code,RSN,"Irvine, CA",https://www.indeed.com/viewjob?jk=07ff210dc1c240a5
IT Workforce Internships (College Credit & Paid Opportunities Available),The Learning Academy,"New Haven, CT",https://www.indeed.com/viewjob?jk=f60460752bd53ce8
Senior Python Developer,OMBU,"Portland, OR",https://www.indeed.com/viewjob?jk=d13b06d1113de40c
Data Curator Associate,U.S. Environmental Protection Agency (EPA),"Research Triangle Park, NC",https://www.indeed.com/viewjob?jk=0953a6d63e5a6860
Software Engineer,Democratic National Committee,Remote,https://www.indeed.com/viewjob?jk=4f9ea9d29e57a0a4
SPAC Trader - Hedge Fund,SR Investment Partners,"Greenwich, CT",https://www.indeed.com/viewjob?jk=2537af0cc3e48955
Software Developer,Decisions,"Chesapeake, VA",https://www.indeed.com/viewjob?jk=5f23fc96e4bce00d
Python Developer,CitiusTech,"Denver, CO",https://www.indeed.com/viewjob?jk=7737bce62e7c58e0
Data Analyst,SABRE Analysis,"Orlando, FL",https://www.indeed.com/viewjob?jk=e98c3ac48d5a63e3
Technical Data Analyst Fellow,Change Research,"San Francisco, CA",https://www.indeed.com/viewjob?jk=5218a1de1f559d42
Software Engineer,"Nexgrid, LLC.","Manassas, VA",https://www.indeed.com/viewjob?jk=cbee13aa2e77da8b
Junior Python Developer,Vision,"King of Prussia, PA",https://www.indeed.com/viewjob?jk=600bd1d6589427f2
"Software Engineer (Remote, USA, Full-Time)",4 Mile Analytics,Remote,https://www.indeed.com/viewjob?jk=f1a9fc035b51ec39
Software Engineer - Python for Windows - Remote,SaltStack,"Lehi, UT",https://www.indeed.com/viewjob?jk=f6dcfcb393c2d1ba
Junior Python Developer,GTS,"New York, NY",https://www.indeed.com/viewjob?jk=f8f068da6dd93fa6
Python Developer,Haneke Design,"Tampa, FL",https://www.indeed.com/viewjob?jk=542b21736b6bca61
Deep Learning Sales Consultant,DeepLearningTeam,Virginia,https://www.indeed.com/viewjob?jk=b7435b7718d21d53
Expert Python Developer,Cepoch,"Chicago, IL",https://www.indeed.com/viewjob?jk=02b2d7b19dca41eb
Python Developer,Sqait Inc,"Great Falls, VA",https://www.indeed.com/viewjob?jk=7fc4d4179e6f45b7
Chatbot Engineer,Quantiphi Inc.,"Marlborough, MA",https://www.indeed.com/viewjob?jk=4ab781cbecb1a65f
SQL Developer,Institute for Medical Research,"Durham, NC",https://www.indeed.com/viewjob?jk=9bd130c2f3789608
Robotics,Honda Research Institute USA,"San Jose, CA",https://www.indeed.com/viewjob?jk=f3bff7a6a9bf771e
Technical Associate I,MIT,"Cambridge, MA",https://www.indeed.com/viewjob?jk=3b30999b559c1649
Sr. Tableau Developer,Amiga Informatics Inc.,"San Diego, CA",https://www.indeed.com/viewjob?jk=22bddf60ecd2f24d
Data Engineer,Megaphone,Remote,https://www.indeed.com/viewjob?jk=23d8ed78d806f4af
ENGINEER,US Department of the Navy,"Dahlgren, VA",https://www.indeed.com/viewjob?jk=3d1b287507cfab53
"Software Engineer, Data Integrations",Transfix.io,Remote,https://www.indeed.com/viewjob?jk=ae06bb369fada965
Software Development Engineer,"Amazon Web Services, Inc.",Remote,https://www.indeed.com/viewjob?jk=3e3323b32d2fd53f
Equity Derivatives Quant Analyst - Associate,"Nomura Holdings, Inc.",United States,https://www.indeed.com/viewjob?jk=42ea24ec00645ea3
Data Scientist,Horizon Corp,"San Antonio, TX",https://www.indeed.com/viewjob?jk=bef615cf8507db0c
"Big Data Developer - Spark, ETL, Python","Computer Enterprises, Inc.","Philadelphia, PA",https://www.indeed.com/viewjob?jk=bd63137a0b530273
Python Engineer/Developer,Cognizant Technology Solutions,"Hartford, CT",https://www.indeed.com/viewjob?jk=78b75949738405c5
Fullstack Engineer (Python/React),at Pathlight,"San Francisco, CA",https://www.indeed.com/viewjob?jk=cd13bca9fed7c4b9
IoT Content & Projects Engineer,Blues Inc.,"Boston, MA",https://www.indeed.com/viewjob?jk=1a9e24acb0e9445d
"Analyst, Reporting & Analytics",T-Mobile,"Frisco, TX",https://www.indeed.com/viewjob?jk=89dfb0c5e9dad925
Presales Data Architect (Remote Virginia),DataStax,"Herndon, VA",https://www.indeed.com/viewjob?jk=1edaeb416e9401e5
ERP Integration Architect,Oracle,United States,https://www.indeed.com/viewjob?jk=ec07f28d12fcd919
DevOps,Neal Analytics,"Seattle, WA",https://www.indeed.com/viewjob?jk=f391ca2ec41adbda
Software Engineer Intern,Qbotica,United States,https://www.indeed.com/viewjob?jk=315057ae67320917
NLP and ML Engineer,"Interos, Inc.",Virginia,https://www.indeed.com/viewjob?jk=eca058e75a849a33
"Product Analyst, Performance",Pinterest,"San Francisco, CA",https://www.indeed.com/viewjob?jk=1f0856200b97c924
Intern - Data Analyst,Gwinnett County,"Gwinnett County, GA",https://www.indeed.com/viewjob?jk=4fa16bd136dcfe6a
Front-End Developer,Maxar Technologies,Virginia,https://www.indeed.com/viewjob?jk=66670c987091b8f8
DevOps Manager,Fayetteville Public Works Commission,"Fayetteville, NC",https://www.indeed.com/viewjob?jk=b49aac689669c304
Jr. Consultant,Nutanix,"Detroit, MI",https://www.indeed.com/viewjob?jk=cafc8eba39d35fcd
Back-end Engineer (Python),CartPilot.,"Chicago, IL",https://www.indeed.com/viewjob?jk=b4ac68e9141d6ba7
Research Scientist,Sony Corporation of America,Massachusetts,https://www.indeed.com/viewjob?jk=8037422b8c550daa
Data Modeling Support (Part-Time),U.S. Environmental Protection Agency (EPA),"Research Triangle Park, NC",https://www.indeed.com/viewjob?jk=026d22c6e1e31a6a
Land Cover Scientist,KBR,"Sioux Falls, SD",https://www.indeed.com/viewjob?jk=16821d98743f24df
DevSecOps,"TITAN ONE ZERO, LLC","Arlington, VA",https://www.indeed.com/viewjob?jk=c7920fc8c9d350fe
Data Analytics Immersion Teaching Assistant (3.5 month Contract)- Thinkful A Chegg Online Learning Service,Chegg,Remote,https://www.indeed.com/viewjob?jk=cca1f3c1f3a56cb1
Backend Developer (PHP/PYTHON/SQL) - Healthcare,Healthjump,"Philadelphia, PA",https://www.indeed.com/viewjob?jk=665a711d48d217b4
"Data Engineer, BI Engineering (Python/SQL)",Vimeo,"New York, NY",https://www.indeed.com/viewjob?jk=65b206b832d694e6
Python Developer,TechNet Inc.,"Folsom, CA",https://www.indeed.com/viewjob?jk=bca6c4aa33c43244
Senior Python Developer,"Three Peaks Resources, LLC","Denver, CO",https://www.indeed.com/viewjob?jk=8298be9fdbcf31d6
Senior Python Developer,Syrinx,Massachusetts,https://www.indeed.com/viewjob?jk=63c2b3818f1702d8
Central Operations Associate,PlayVS,"Los Angeles, CA",https://www.indeed.com/viewjob?jk=403ff9ff2253a828
Jr. Software Engineer,KIBO,"Philadelphia, PA",https://www.indeed.com/viewjob?jk=163d544276a35728
"Paid Cybersecurity Intern, Part-Time",CyberForce|Q,"Plymouth, MI",https://www.indeed.com/viewjob?jk=d9e342c36d5748ee
AI Engineers,Reality AI,"Columbia, MD",https://www.indeed.com/viewjob?jk=402013088a673aab
教育运营管理人员(兼职),CodeTime,"New York, NY",https://www.indeed.com/viewjob?jk=4d0046034aca69e3
Data Associate,JOYN BIO,"Boston, MA",https://www.indeed.com/viewjob?jk=4abf7c11c2c22105
Transportation Planner 1,State of Iowa Talent Gateway,"Ames, IA",https://www.indeed.com/viewjob?jk=dca14ba99b5d3cd6
Machine Translation Engineer,Acclaro Translating Global Business,United States,https://www.indeed.com/viewjob?jk=c82109e23b746c66
Data Science Analyst,Michaels,"Dallas-Fort Worth, TX",https://www.indeed.com/viewjob?jk=0c98e71f3b254752
Geospatial Intelligence (GEOINT) Analyst,SOSi,"Charlottesville, VA",https://www.indeed.com/viewjob?jk=8c136256b6765ed9
Java/DevOps - Ansible/Python/Shell Scripting,GSB,"Silicon Valley, CA",https://www.indeed.com/viewjob?jk=81840c1103e51bed
Python developer,Compest Solutions Inc,"Manhattan, NY",https://www.indeed.com/viewjob?jk=b56b121e1362cbcb
ETL Developer - Remote,Bairesdev,"Boston, MA",https://www.indeed.com/viewjob?jk=7099ce32b2ffba2c
Quality Assurance/Test Engineering Manager,"AppGuard, Inc.","Chantilly, VA",https://www.indeed.com/viewjob?jk=e5fca8914a2989c1
PYTHON SOFTWARE ENGINEER,"BigBear, Inc.","Reston, VA",https://www.indeed.com/viewjob?jk=5d22203661669770
Python Developer,Systemonex INC,"New York, NY",https://www.indeed.com/viewjob?jk=261a6748688d29d6
Senior Python Developer,eMoney Advisor,Remote,https://www.indeed.com/viewjob?jk=b59a2281d58eefdf
Python Developer,Systech Corp,Remote,https://www.indeed.com/viewjob?jk=4d6e2b42ed19c1ec
"Senior C/C++ Software Engineer, 5+ Years, Robotics/Exoskeletons","Dephy, Inc.","Maynard, MA",https://www.indeed.com/viewjob?jk=781262b4d4211304
Jr. Big Data Engineer,Enhance IT,"Louisville, KY",https://www.indeed.com/viewjob?jk=ada664e66a7a86ab
Software Test Analyst,"Innovative Wireless Technologies, Inc.","Lynchburg, VA",https://www.indeed.com/viewjob?jk=248048b1b807a6d0
Sr. Python Developer,Valuepro Consulting LLC,"Phoenix, AZ",https://www.indeed.com/viewjob?jk=e20d9445afd3fb03
Software Developer,Decisions,"Chesapeake, VA",https://www.indeed.com/viewjob?jk=5f23fc96e4bce00d
"Software Engineer (python, backend)",Big Data Federation,"Santa Clara, CA",https://www.indeed.com/viewjob?jk=306c7a01fa390d13
Data & Analytics Strategist,Spinutech,United States,https://www.indeed.com/viewjob?jk=1939db7ac0ce2cc1
Python Developer,IST Inc.,"Charlotte, NC",https://www.indeed.com/viewjob?jk=6fb079ede0537edf
Data Implementation Specialist,The New Jersey Civil Service Commission,New Jersey,https://www.indeed.com/viewjob?jk=58cd9341d1b902d9
Odoo Developer,DRC Techno,United States,https://www.indeed.com/viewjob?jk=ed63a57e4936e638
Data Center Operations Engineer,Facebook,"Henrico County, VA",https://www.indeed.com/viewjob?jk=43343a1293695a89
Desktop Support Engineer,AutoAnything,"San Diego, CA",https://www.indeed.com/viewjob?jk=bc4952dc82917f5b
Software Developer,Oliphant USA,"Sarasota, FL",https://www.indeed.com/viewjob?jk=4a5dc369a0af6bb1
Senior Software Engineer (Python)- Remote,VitalSource,"Pittsburgh, PA",https://www.indeed.com/viewjob?jk=92d3088fba977aea
Data Engineer role(SQL/Python/AWS)-Remote,Clairvoyant,"Tempe, AZ",https://www.indeed.com/viewjob?jk=5203720e2d81af86
Codespire Instructor,Summer Scholars,United States,https://www.indeed.com/viewjob?jk=2e1c51a9b4aeb878
Data Associate,NextGen America,"San Francisco, CA",https://www.indeed.com/viewjob?jk=aaec318758dfa514
Junior Python Developer,GTS,"New York, NY",https://www.indeed.com/viewjob?jk=f8f068da6dd93fa6
Entry Level - Full stack Java Developer,KesarWeb,"Texas City, TX",https://www.indeed.com/viewjob?jk=a6669a6f37f931f4
Quality Assurance Engineer,"BlackBag Technologies, Inc.",Remote,https://www.indeed.com/viewjob?jk=26e2851423d254d8
Python Developer,Systech Corp,Remote,https://www.indeed.com/viewjob?jk=4d6e2b42ed19c1ec
Sales,RStudio,United States,https://www.indeed.com/viewjob?jk=8f0c4d2a405bc478
Senior Python Developer,Solution Street,"Herndon, VA",https://www.indeed.com/viewjob?jk=a24b40db60d61639
Senior Software Engineer (Python)- Remote,VitalSource,"Pittsburgh, PA",https://www.indeed.com/viewjob?jk=92d3088fba977aea
"Software Engineer, Backend",,Remote,https://www.indeed.com/viewjob?jk=baddbb0189bde163
Vendor Management with Strong Excel,"Del Oro Consulting, Inc.","Morrisville, NC",https://www.indeed.com/viewjob?jk=8a0d22c392502e36
Quality Assurance Engineer (Ruby / Capybara),"QualityLogic, Inc.","Oklahoma City, OK",https://www.indeed.com/viewjob?jk=f279d5454c574961
Desktop Support Engineer,AutoAnything,"San Diego, CA",https://www.indeed.com/viewjob?jk=bc4952dc82917f5b
Data Implementation Specialist,The New Jersey Civil Service Commission,New Jersey,https://www.indeed.com/viewjob?jk=58cd9341d1b902d9
Linux with Python Scripting,Nivid Technologies,"Richardson, TX",https://www.indeed.com/viewjob?jk=84fea15ba64180d7
SOFTWARE ENGINEER (ENTRY-LEVEL),Bongo,"Loveland, CO",https://www.indeed.com/viewjob?jk=a0cff02a018273c8
Survey Data Analyst,Change Research,"San Francisco, CA",https://www.indeed.com/viewjob?jk=cafc44e9f9a4ce47
Data & Analytics Strategist,Spinutech,United States,https://www.indeed.com/viewjob?jk=1939db7ac0ce2cc1
Machine Learning Engineer Intern,Magic Brush,"Los Angeles, CA",https://www.indeed.com/viewjob?jk=43164b37e39d8980
Analytical Chemistry Lab Support,U.S. Environmental Protection Agency (EPA),"Cincinnati, OH",https://www.indeed.com/viewjob?jk=6fea7a0d03735ec0
Quality Assurance Engineer III,Subsplash,Washington State,https://www.indeed.com/viewjob?jk=9c21a83073509a23
Product Designer,Quora,California,https://www.indeed.com/viewjob?jk=0f2f990ec81f3ba8
Technical Analyst,Axon,Remote,https://www.indeed.com/viewjob?jk=12508958e2514320
Business Insights Analyst,"Shaw Industries Group, Inc.","Dalton, GA",https://www.indeed.com/viewjob?jk=64c3b87aaa8f7d18
Intern - Fall 2020 - Circuit Simulations,GLOBALFOUNDRIES,"Santa Clara, CA",https://www.indeed.com/viewjob?jk=ce62141495b8d080
Consultant - CTJ,Microsoft,United States,https://www.indeed.com/viewjob?jk=5a58a9d992ac6734
"Backend Engineer, Data Processing – Rust (Remote)",kraken,Remote,https://www.indeed.com/viewjob?jk=6e9034c6e558b03b
ASU Post Grad Opportunities,Fox Corporation,"Phoenix, AZ",https://www.indeed.com/viewjob?jk=caa877c736df7dd0
Products Analyst,Responsive Auto Insurance Company,"Plantation, FL",https://www.indeed.com/viewjob?jk=68b5f58add846e83
Python Engineer,Hostwinds,"Tukwila, WA",https://www.indeed.com/viewjob?jk=aebe88877c44190e
Data and Analytics Software Engineer (Recent Graduate),Farlinium,"Falls Church, VA",https://www.indeed.com/viewjob?jk=8195ef4fc11754be
National Vote-By-Mail Data Manager - 2020 Cycle Position,America Votes,"Washington, DC",https://www.indeed.com/viewjob?jk=57c9071590006999
"Automation Tester - San Diego,CA",Cystems Logic Inc,"San Diego, CA",https://www.indeed.com/viewjob?jk=f9c80e5427455f1a
Apprentice Systems Tech,Facebook,"Seattle, WA",https://www.indeed.com/viewjob?jk=4255bad980202b6a
"Data Engineer (SQL, Python)",Viant,"Irvine, CA",https://www.indeed.com/viewjob?jk=0b9a42cac0ca8822
Remote Senior Automation Consultant - Contract to Hire,"Insight Enterprises, Inc.",Arizona,https://www.indeed.com/viewjob?jk=19fc0fb4d4e2a98a
Geospatial Programmer,CENTRA Technology,"McLean, VA",https://www.indeed.com/viewjob?jk=7aff0661383b04cd
IT Analyst,Walden Local Meat Co.,"North Billerica, MA",https://www.indeed.com/viewjob?jk=aa036d103051fb53
BASICS Consultant - Issue and Code Management,Internews,Remote,https://www.indeed.com/viewjob?jk=ad0f5dcec1a04ea7
"decision scientist, Operation Services - Seattle, WA",Starbucks,"Seattle, WA",https://www.indeed.com/viewjob?jk=75e76e13321b7844
Sr. Python Developer (Financial),Primesoftinc,"New York, NY",https://www.indeed.com/viewjob?jk=9bff800e6dacdc22
Data Scientist,Coverent,"McLean, VA",https://www.indeed.com/viewjob?jk=a54337821e104fb1
Researcher,Edelman Financial Engines,"Phoenix, AZ",https://www.indeed.com/viewjob?jk=2904ef046fd2b6a7
Firmware Developer,Boulder Engineering Studio-,"Boulder, CO",https://www.indeed.com/viewjob?jk=5e078f8bd55acea8
Bioinformatician,TGen,"Phoenix, AZ",https://www.indeed.com/viewjob?jk=192aada4509244ba
"Senior Software Engineer, Wallets",Poloniex,Massachusetts,https://www.indeed.com/viewjob?jk=68b16f63735aebd9
Python Grader - Training and Documentation Consultant,Bloomberg,"New York, NY",https://www.indeed.com/viewjob?jk=b3272ffb0ef42c75
Systems Development Engineer,Amazon.com Services LLC,United States,https://www.indeed.com/viewjob?jk=200c4dbe3d42f852
Cleared Data Scientist,Serry Systems,"Arlington, VA",https://www.indeed.com/viewjob?jk=9caa5892c71bbf75
Linux System Engineer,EidosMedia,Remote,https://www.indeed.com/viewjob?jk=c7aed998976d1e40
Analytics Researcher,Autodesk,"San Francisco, CA",https://www.indeed.com/viewjob?jk=75947075982d9fdd
Technology Teacher,Digital Dragon,"Santa Monica, CA",https://www.indeed.com/viewjob?jk=01b9c80dbc0fa9bd
Data Consultant - SQL,Kaiser Permanente,"Los Angeles, CA",https://www.indeed.com/viewjob?jk=2353abf403a42fce
"Senior Software Engineer, Data Integrations",Transfix.io,Remote,https://www.indeed.com/viewjob?jk=0487ed3944efda0c
2020 Enterprise Data Accelerated Talent Entry Program,Bloomberg,"New York, NY",https://www.indeed.com/viewjob?jk=6022b07d080a62cd
QA Engineer IV,Vettanna,"Seattle, WA",https://www.indeed.com/viewjob?jk=818a3b05c4a274c2
Fall 2020 DNC Technology Internship,Democratic National Committee,"Washington, DC",https://www.indeed.com/viewjob?jk=e1f8327cbf26e39c
Fixed Income Quantitative Developer,Vichara,"Los Angeles, CA",https://www.indeed.com/viewjob?jk=3b8a6bda3665f391
Marketing Coordinator,No Starch Press,"San Francisco Bay Area, CA",https://www.indeed.com/viewjob?jk=393d2cf166211a93
Backend Developer,American Digi,Maryland,https://www.indeed.com/viewjob?jk=c5ed64346b4d0dc5
"Open Source and Economic Analyst, Mid",Booz Allen Hamilton,"McLean, VA",https://www.indeed.com/viewjob?jk=3214be4cd391f5e6
Engineer Reliability,Northrop Grumman,"Chandler, AZ",https://www.indeed.com/viewjob?jk=0f597cac73e52449
Senior Python Developer,eMoney Advisor,Remote,https://www.indeed.com/viewjob?jk=10f37193d9174a85
Investigations Data Examiner,MGM Resorts International,"Las Vegas, NV",https://www.indeed.com/viewjob?jk=24a1a10cf77ce520
"Security Engineer, Security Operations & Incident Response",BlockFi,Remote,https://www.indeed.com/viewjob?jk=1fe3d8195cc64ae7
Scientific Research Analysts,Digital Science,"Bethesda, MD",https://www.indeed.com/viewjob?jk=1541542b9e3d204c
POLITICAL MAPPING ANALYST,National Democratic Redistricting Committee,United States,https://www.indeed.com/viewjob?jk=2dc5b5216ab7fef7
Web Developer,Internet Archive,Remote,https://www.indeed.com/viewjob?jk=a5040aea31d80472
"Sr Professional, Economist",CoreLogic,"Vienna, VA",https://www.indeed.com/viewjob?jk=ca31968837a88ef7
Early-Career Software Engineer,Lockheed Martin,"Herndon, VA",https://www.indeed.com/viewjob?jk=081b1d008cd05c85
Quality Assurance/Test Engineering Manager,"AppGuard, Inc.","Chantilly, VA",https://www.indeed.com/viewjob?jk=e5fca8914a2989c1
PYTHON SOFTWARE ENGINEER,"BigBear, Inc.","Reston, VA",https://www.indeed.com/viewjob?jk=5d22203661669770
Senior Python Developer,eMoney Advisor,Remote,https://www.indeed.com/viewjob?jk=b59a2281d58eefdf
Python Developer,Systech Corp,Remote,https://www.indeed.com/viewjob?jk=4d6e2b42ed19c1ec
Jr. Big Data Engineer,Enhance IT,"Louisville, KY",https://www.indeed.com/viewjob?jk=ada664e66a7a86ab
Software Test Analyst,"Innovative Wireless Technologies, Inc.","Lynchburg, VA",https://www.indeed.com/viewjob?jk=248048b1b807a6d0
Python Developer,Systemonex INC,"New York, NY",https://www.indeed.com/viewjob?jk=261a6748688d29d6
Sr. Python Developer,Valuepro Consulting LLC,"Phoenix, AZ",https://www.indeed.com/viewjob?jk=e20d9445afd3fb03
Unreal Developer,ICON Interactive l Big Mirror Labs,Remote,https://www.indeed.com/viewjob?jk=c200e7dd0c8850b3
Technical Support Associate,Actual Metrics,United States,https://www.indeed.com/viewjob?jk=e4e7dffae62ee2ad
Full Stack Developer,BI Consulting Inc.,"Arlington, VA",https://www.indeed.com/viewjob?jk=7c5140fc6f16c634
Specialized Senior Backend Developer,ThinkIQ,"Aliso Viejo, CA",https://www.indeed.com/viewjob?jk=2d048b0e2f708810
MIDDLE PYTHON DEVELOPER AUTOMOTIVE DOMAIN,Sigma Software,Remote,https://www.indeed.com/viewjob?jk=f54d3c3bcc61fcdc
Data Scientist,Roivant Sciences,New York State,https://www.indeed.com/viewjob?jk=3b35563f641c4caf
"Sales and Delivery Analyst, Business Analytics",Tesla,"Fremont, CA",https://www.indeed.com/viewjob?jk=4889a5e66d96fb12
Software Developer (Python),PHD Virtual,"Morris Plains, NJ",https://www.indeed.com/viewjob?jk=bed21456eee8b978
Quantitative Analyst,Blueshift Asset Management,"Red Bank, NJ",https://www.indeed.com/viewjob?jk=a399109cddd7296f
Database Engineer,Tesla,"Sparks, NV",https://www.indeed.com/viewjob?jk=1c0c6fbe215b391d
Python Developer,Infinitive Inc,"McLean, VA",https://www.indeed.com/viewjob?jk=56ff75bbcec4ea46
Hadoop Developer,Inode Ink,United States,https://www.indeed.com/viewjob?jk=09ff1d5b9df7b189
QA Automation Engineer - Minneapolis,Bind Benefits,"Minneapolis, MN",https://www.indeed.com/viewjob?jk=7fec2615e7fe7b05
Research Project Assistant,University of Vermont,"Burlington, VT",https://www.indeed.com/viewjob?jk=0f80115ddd0031e5
"Python Software Engineer - Artificial Intelligence - Autonomous Driving - San Diego, CA",TuSimple,"San Francisco, CA",https://www.indeed.com/viewjob?jk=ccdc89632fbf4aa0
QA Tester-Core Tech,2K Games,"Las Vegas, NV",https://www.indeed.com/viewjob?jk=b9f42459db4489de
Junior AI Engineer,Camgian,"Tuscaloosa, AL",https://www.indeed.com/viewjob?jk=e050302f69c5e52c
Data Science Intern,The Buttonwood Tree,"New York, NY",https://www.indeed.com/viewjob?jk=c8d74f8ea065dcb4
Investment & Data Science Intern,JAG Capital,"New York, NY",https://www.indeed.com/viewjob?jk=bf694966f51b722e
Backend Developer,Code and Theory,New York State,https://www.indeed.com/viewjob?jk=b07039a8fc66d867
Mobile Health Analytics Intern,Sage Bionetworks,"Seattle, WA",https://www.indeed.com/viewjob?jk=ead516c219cb21d8
Lead Aws Developer with Python,ConglomerateIT,"Reston, VA",https://www.indeed.com/viewjob?jk=ddc69ba184d52f4c
Python Developer,Greenphire,"King of Prussia, PA",https://www.indeed.com/viewjob?jk=e0793e7083cb7652
Software Engineer,Oktana,"Charleston, WV",https://www.indeed.com/viewjob?jk=27c043274ee118fd
"Safety Investigator, Community Operations",Facebook,"Austin, TX",https://www.indeed.com/viewjob?jk=d2d74cd753f3135f
"Instructor, Python (Part-time Temporary)",Wake Technical Community College,"Raleigh, NC",https://www.indeed.com/viewjob?jk=6bfb87e5f398b5ad
Data Analytics Course Mentor - Thinkful A Chegg Online Learning Service,Chegg,Remote,https://www.indeed.com/viewjob?jk=2d893c94ca030372
Go Lang Developer,Innovalus Technologies Inc,Remote,https://www.indeed.com/viewjob?jk=ec11d04857c21798
Associate Field Software Engineer - Americas,Canonical,Georgia,https://www.indeed.com/viewjob?jk=90cda607aa864538
Python Developer,SelectMinds,"Miami, FL",https://www.indeed.com/viewjob?jk=bdeaf012405e3212
Software Engineer,Revelry Labs,"New Orleans, LA",https://www.indeed.com/viewjob?jk=dbb998f45cad2968
Audience Growth Analyst,SmartAsset,"New York, NY",https://www.indeed.com/viewjob?jk=f31c8bfc62cbd032
Software Engineer: Python Developer,Sav.com,"Chicago, IL",https://www.indeed.com/viewjob?jk=edfd4da43ad1ac96
Python developer (React),Ace-stack LLC,"Columbus, OH",https://www.indeed.com/viewjob?jk=e41f21ef47a75fee
ACS Security Champion,Autodesk,"San Francisco, CA",https://www.indeed.com/viewjob?jk=f2025e4668b03707
Python Developer,Novetta,"Springfield, VA",https://www.indeed.com/viewjob?jk=0da433205f4a3af0
Senior NLP Engineer,infolob,"Reston, VA",https://www.indeed.com/viewjob?jk=b1c061b43c9310a6
DevOps Engineer,Wahoo Fitness LLC,"Reno, NV",https://www.indeed.com/viewjob?jk=667533c09b87dbda
Onsite positions,Cubestack Design,United States,https://www.indeed.com/viewjob?jk=ef51f3aa80d1d86d
Software Engineer,Outdoorful,"Denver, CO",https://www.indeed.com/viewjob?jk=49cdd4d0cf95fe7f
Software Engineer,InsightSquared,"Austin, TX",https://www.indeed.com/viewjob?jk=7053fac66468e464
full-stack developer,Qikspace,United States,https://www.indeed.com/viewjob?jk=639cc45114984677
Head of Insights,Parsley Health,New York State,https://www.indeed.com/viewjob?jk=b7022ff9282c3beb
Data Scientist,SAIC,Virginia,https://www.indeed.com/viewjob?jk=250348733343266d
Data Engineer,AETNA,"Wellesley, MA",https://www.indeed.com/viewjob?jk=8ff9e5cdafec1f54
Faculty for Business Analytics,EF Education First,"Boston, MA",https://www.indeed.com/viewjob?jk=b97fe693352000ed
Full Stack Developer,Wix,"Phoenix, AZ",https://www.indeed.com/viewjob?jk=88515bba76334a2c
Virtual Tampa Hackathon,Citi,"Tampa, FL",https://www.indeed.com/viewjob?jk=8cfd99602a443131
Software Test Analyst,"Innovative Wireless Technologies, Inc.","Lynchburg, VA",https://www.indeed.com/viewjob?jk=248048b1b807a6d0
CRM & Business Intelligence Analyst,Atlanta Hawks & State Farm Arena,"Atlanta, GA",https://www.indeed.com/viewjob?jk=bb3c226206bdf781
Finance Data Analytics Manager,Smithfield Foods,"Smithfield, VA",https://www.indeed.com/viewjob?jk=8ccac8b405ae154d
Python Developer,Systemonex INC,"New York, NY",https://www.indeed.com/viewjob?jk=261a6748688d29d6
PYTHON SOFTWARE ENGINEER,"BigBear, Inc.","Reston, VA",https://www.indeed.com/viewjob?jk=5d22203661669770
Quality Assurance/Test Engineering Manager,"AppGuard, Inc.","Chantilly, VA",https://www.indeed.com/viewjob?jk=e5fca8914a2989c1
Jr. Big Data Engineer,Enhance IT,"Louisville, KY",https://www.indeed.com/viewjob?jk=ada664e66a7a86ab
"Senior C/C++ Software Engineer, 5+ Years, Robotics/Exoskeletons","Dephy, Inc.","Maynard, MA",https://www.indeed.com/viewjob?jk=781262b4d4211304
Software Test Analyst,"Innovative Wireless Technologies, Inc.","Lynchburg, VA",https://www.indeed.com/viewjob?jk=248048b1b807a6d0
Senior Python Developer,eMoney Advisor,Remote,https://www.indeed.com/viewjob?jk=b59a2281d58eefdf
Sr. Python Developer,Valuepro Consulting LLC,"Phoenix, AZ",https://www.indeed.com/viewjob?jk=e20d9445afd3fb03
Junior Data Scientist,IOMAXIS,"Springfield, VA",https://www.indeed.com/viewjob?jk=84f8ae284c1a8f16
Senior Splunk Specialist,Gray Tier Technologies,Virginia,https://www.indeed.com/viewjob?jk=a85848d58333001f
"SR Full Stack Developer (Python/Django, MySQL or Javascript stack)",arc.dev,Remote,https://www.indeed.com/viewjob?jk=f139592a4f833ffc
SDET Role,Vertex IT Services,"Englewood, CO",https://www.indeed.com/viewjob?jk=7481fcf1618b6ff8
Python Developer,Intellilink Technologies,"Princeton, NJ",https://www.indeed.com/viewjob?jk=accd4b9e2652cb0a
Junior Polling Analyst,Change Research,"San Francisco, CA",https://www.indeed.com/viewjob?jk=d43baee7c66f720a
Computer Vision/AI Engineer,arc.dev,Remote,https://www.indeed.com/viewjob?jk=4a54ff1f5d11fdc1
Parametric Designer,Apple,"Santa Clara Valley, CA",https://www.indeed.com/viewjob?jk=c92e980c17a6ab71
Codespire Instructor,Summer Scholars,United States,https://www.indeed.com/viewjob?jk=2e1c51a9b4aeb878
Senior Python Data Scientist,Cepoch,"Chicago, IL",https://www.indeed.com/viewjob?jk=fef38316ce58ad23
SRE,Piper Companies,Remote,https://www.indeed.com/viewjob?jk=73aa55bfbcf378fd
Software Engineer (Python),eTek IT Service | Savvysol,"Sunnyvale, CA",https://www.indeed.com/viewjob?jk=a5f806b2673735b6
IT Associate,Community Outreach Group,"Washington, DC",https://www.indeed.com/viewjob?jk=b28658332688afc5
Data Analyst,Midland Credit Management,"San Diego, CA",https://www.indeed.com/viewjob?jk=ebda34ad490cfb8f
Data Scientist,Global Fishing Watch,"Oakland, CA",https://www.indeed.com/viewjob?jk=6e7b4efe3821eb15
